code,firstName,lastName,dateOfBirth,ageDivision,weightCategory,nationality,gender,identityDocumentType,identityDocumentUrl,birthCertificateUrl,photoUrl,achievements,type,grade,clubId
ATHTJJF3102,Hichem,Ben Msallem,1985-11-03,MASTERS_2,-77kg,Tunisienne,MALE,CIN,/uploads/documents/cin-placeholder.pdf,,/uploads/photos/yan-kolesnyk-1dPqupgCRps-unsplash.jpg,,ATHLETE,BLUE,0be735f4-3dcd-4d89-afe3-dd31e04decec
ATHTJJF3108,Rami,Bouazizi,1994-03-22,ADULTS,-85kg,Tunisienne,MALE,CIN,/uploads/documents/cin-placeholder.pdf,,/uploads/photos/anastasia-vityukova-rpF3p_RrE9g-unsplash.jpg,,ATHLETE,PURPLE,0be735f4-3dcd-4d89-afe3-dd31e04decec
ATHTJJF3101,Walid,Chaouachi,1996-09-18,ADULTS,-77kg,Tunisienne,MALE,CIN,/uploads/documents/cin-placeholder.pdf,,/uploads/photos/anastasia-vityukova-rpF3p_RrE9g-unsplash.jpg,,ATHLETE,PURPLE,0be735f4-3dcd-4d89-afe3-dd31e04decec
ATHTJJF3112,Ines,Cherif,1998-11-17,ADULTS,-57kg,Tunisienne,FEMALE,CIN,/uploads/documents/cin-placeholder.pdf,,/uploads/photos/alyona-grishina-BBmi4nJjKk8-unsplash.jpg,,ATHLETE,BLUE,0be735f4-3dcd-4d89-afe3-dd31e04decec
ATHTJJF3105,Mahmoud,Dridi,1995-04-20,ADULTS,-85kg,Tunisienne,MALE,CIN,/uploads/documents/cin-placeholder.pdf,,/uploads/photos/yan-kolesnyk-1dPqupgCRps-unsplash.jpg,,ATHLETE,BLUE,0be735f4-3dcd-4d89-afe3-dd31e04decec
ATHTJJF3106,Oussama,Gharbi,1998-12-01,ADULTS,-85kg,Tunisienne,MALE,CIN,/uploads/documents/cin-placeholder.pdf,,/uploads/photos/anastasia-vityukova-rpF3p_RrE9g-unsplash.jpg,,ATHLETE,BLUE,0be735f4-3dcd-4d89-afe3-dd31e04decec
ATHTJJF3100,Yassine,Ghazouani,1997-05-05,ADULTS,-77kg,Tunisienne,MALE,CIN,/uploads/documents/cin-placeholder.pdf,,/uploads/photos/anastasia-vityukova-rpF3p_RrE9g-unsplash.jpg,,ATHLETE,PURPLE,0be735f4-3dcd-4d89-afe3-dd31e04decec
ATHTJJF3111,Sonia,Haddad,1999-09-25,ADULTS,-52kg,Tunisienne,FEMALE,CIN,/uploads/documents/cin-placeholder.pdf,,/uploads/photos/omid-armin-xOjzehJ49Hk-unsplash.jpg,,ATHLETE,BLUE,0be735f4-3dcd-4d89-afe3-dd31e04decec
ATHTJJF3110,Monia,Jebali,2001-06-08,ADULTS,-57kg,Tunisienne,FEMALE,CIN,/uploads/documents/cin-placeholder.pdf,,/uploads/photos/timothy-barlin-2BJwlRZaR5M-unsplash.jpg,,ATHLETE,WHITE,0be735f4-3dcd-4d89-afe3-dd31e04decec
ATHTJJF3099,Amine,Jlassi,1999-11-10,ADULTS,-77kg,Tunisienne,MALE,CIN,/uploads/documents/cin-placeholder.pdf,,/uploads/photos/yan-kolesnyk-1dPqupgCRps-unsplash.jpg,,ATHLETE,BLUE,0be735f4-3dcd-4d89-afe3-dd31e04decec
ATHTJJF3109,Rania,Mansouri,2000-01-10,ADULTS,-52kg,Tunisienne,FEMALE,CIN,/uploads/documents/cin-placeholder.pdf,,/uploads/photos/yan-kolesnyk-1dPqupgCRps-unsplash.jpg,,ATHLETE,WHITE,0be735f4-3dcd-4d89-afe3-dd31e04decec
ATHTJJF3094,Karim,Mejri,1998-03-15,ADULTS,,Tunisienne,MALE,CIN,/uploads/documents/cin-placeholder.pdf,,/uploads/photos/alyona-grishina-BBmi4nJjKk8-unsplash.jpg,,ATHLETE,Ceinture Bleue,0be735f4-3dcd-4d89-afe3-dd31e04decec
ATHTJJF3097,Karim,Mejri,1998-03-15,ADULTS,-77kg,Tunisienne,MALE,CIN,/uploads/documents/cin-placeholder.pdf,,/uploads/photos/alyona-grishina-BBmi4nJjKk8-unsplash.jpg,,ATHLETE,BLUE,0be735f4-3dcd-4d89-afe3-dd31e04decec
ATHTJJF3107,Tarek,Sassi,1993-06-15,ADULTS,-85kg,Tunisienne,MALE,CIN,/uploads/documents/cin-placeholder.pdf,,/uploads/photos/anastasia-vityukova-rpF3p_RrE9g-unsplash.jpg,,ATHLETE,PURPLE,0be735f4-3dcd-4d89-afe3-dd31e04decec
ATHTJJF3103,Nader,Toumi,1990-02-14,MASTERS_1,-77kg,Tunisienne,MALE,CIN,/uploads/documents/cin-placeholder.pdf,,/uploads/photos/aiony-haust-3TLl_97HNJo-unsplash.jpg,,ATHLETE,BROWN,0be735f4-3dcd-4d89-afe3-dd31e04decec
ATHTJJF3098,Sami,Trabelsi,2000-07-22,ADULTS,-77kg,Tunisienne,MALE,CIN,/uploads/documents/cin-placeholder.pdf,,/uploads/photos/aiony-haust-3TLl_97HNJo-unsplash.jpg,,ATHLETE,BLUE,0be735f4-3dcd-4d89-afe3-dd31e04decec
ATHTJJF3095,Sami,Trabelsi,2008-07-22,U21,,Tunisienne,MALE,BIRTH_CERTIFICATE,/uploads/documents/birth-cert-placeholder.pdf,,/uploads/photos/timothy-barlin-2BJwlRZaR5M-unsplash.jpg,,ATHLETE,Ceinture Jaune,0be735f4-3dcd-4d89-afe3-dd31e04decec
ATHTJJF3104,Fares,Zitouni,1992-08-30,ADULTS,-77kg,Tunisienne,MALE,CIN,/uploads/documents/cin-placeholder.pdf,,/uploads/photos/yan-kolesnyk-1dPqupgCRps-unsplash.jpg,,ATHLETE,BLACK_1,0be735f4-3dcd-4d89-afe3-dd31e04decec